{"mean": [-493.1103706375402, 76.24604183277627, 1.0283337214555734, 17.10731091302115, 2.908669146296024, 6.7051167616221266, -7.468530586254527, -2.55806783559735, -7.42721844851261, -3.314161207686442, -4.525458887251295, -2.2780401945993, -1.3069636659106443, -1.4473365506603497, -3.3619208609016686, 0.11686510549272106, -1.9126242113275485, 0.29032816516876586, -1.1815563776590075, -0.8031004296653655, -1.2153037651370624, -0.05791284570118598, -0.7794330103178352, 0.0680894559355502, -0.9289411524271232, 0.482352941996601, -0.35251661940845763, 0.4331218399632866, -0.26986740137174886, 0.49220418575411384, 0.26726766359117904, 0.7137425577191184, 0.3210875218037076, 1.0613861333163073, 0.6257957508389425, 0.9410451121602678, 0.8709472680831652, 1.15022502820761, 0.8685468719336593, 1.2560168096903084], "scale": [193.0602752688629, 27.982017432813716, 18.913321388367088, 12.455602290298627, 13.757373957881903, 8.722104461982832, 7.753431509224045, 7.019085492770985, 5.907888411357677, 5.5883575404700565, 4.213603036263321, 4.07333603705804, 4.197863817791818, 4.506100496584173, 4.433804091537028, 3.795606652399943, 3.8831208262093684, 4.271040388026233, 4.126833563106781, 3.7037074191238926, 3.7643668381593423, 3.6098865730352325, 3.2520967254316755, 3.610332868158192, 3.264851662856296, 3.228716473022465, 3.122346369548016, 3.0281221781037306, 2.835079894038123, 2.861414688706273, 2.6523442716123173, 2.6746728295628683, 2.499969040944659, 2.40964451254267, 2.215084702575905, 2.303621401128342, 2.2782716037617528, 2.2249660875793644, 2.283506420955966, 2.296120128518371]}